"job_url","title","company"
"https://il.indeed.com/viewjob?jk=1ec226eacd3ea4ca","Software Engineer","GE HealthCare"
"https://il.indeed.com/viewjob?jk=7f55507d28113ff9","Data Engineer - Microsoft Defender for Endpoint","Microsoft"
"https://il.indeed.com/viewjob?jk=385d0fe69e0ff5da","Kernel Engineer","Apple"
"https://il.indeed.com/viewjob?jk=aafc8eb1155ef09d","File Systems Engineer","Apple"
"https://il.indeed.com/viewjob?jk=8f15723dcb767704","USB Firmware Engineer","Apple"
"https://il.indeed.com/viewjob?jk=a5224fcb7f8b5836","Software Engineer II, Infrastructure, Google Cloud","Google"
"https://il.indeed.com/viewjob?jk=b855cae763b96aa5","Compiler CPU Backend Engineer","Apple"
"https://il.indeed.com/viewjob?jk=494a037585d71acc","System Software Engineer - Core Platform Group","Apple"
"https://il.indeed.com/viewjob?jk=f78397fd7ab5a541","Embedded FW Engineer","Apple"
"https://il.indeed.com/viewjob?jk=4da54911efdc4285","Software Engineer (6-Month Fixed Term Employment)","Unity Technologies"
"https://il.indeed.com/viewjob?jk=2e2fe2ded3c101a1","MCU Requirement Engineer","Mobileye"
"https://il.indeed.com/viewjob?jk=4a3c54293e5e542e","Software Engineer","Clarivate"
"https://il.indeed.com/viewjob?jk=3b77e6784e731749","Mechanical Engineer","SodaStream"
"https://il.indeed.com/viewjob?jk=c5bef1fb7d87050f","Software Engineer","Nisha Group"
"https://il.indeed.com/viewjob?jk=24f1d43e8195db11","Embedded Software Engineer","Nisha Group"
"https://il.indeed.com/viewjob?jk=6537a4e75c72550c","Software Engineer","MALAMTEAM"
"https://il.indeed.com/viewjob?jk=4cbc728ce019794e","Data Engineer","Optimove"
"https://il.indeed.com/viewjob?jk=33aceac08e91d27f","Fleet System Engineer","AutoBrains Technologies"
"https://il.indeed.com/viewjob?jk=faddd72b1b5b22ac","Fullstack Developer","Tailor Brands"
"https://il.indeed.com/viewjob?jk=ac9823c4080ea3a7","Junior Full Stack Engineer","Outbrain Inc."
"https://il.indeed.com/viewjob?jk=10ccfe3acc50e9cb","System Engineer","mPrest Systems"
"https://il.indeed.com/viewjob?jk=18306a824d111290","System Engineer","mprest"
"https://il.indeed.com/viewjob?jk=b176a100437c44d8","Software Engineer","Ribbon Communications"
"https://il.indeed.com/viewjob?jk=d4b70df944686209","System Engineer","Jobinfo"
"https://il.indeed.com/viewjob?jk=1ba916026163ad25","Software Engineer (AI-Data Team)","TRAX"
"https://il.indeed.com/viewjob?jk=1a696e745f5feddc","Backend Software Engineer C#","Jobinfo"
"https://il.indeed.com/viewjob?jk=991acc52cecbf816","Software System Engineer","Nisha Group"
"https://il.indeed.com/viewjob?jk=64eebdcd26aec8e5","SW Embedded Engineer","Jobinfo"
"https://il.indeed.com/viewjob?jk=b814ff12562ba44a","ML Engineer","Prisma Photonics"
"https://il.indeed.com/viewjob?jk=b9a4739cef933f1e","Software Engineer Intern","CyberArk"
"https://il.indeed.com/viewjob?jk=a4df356007497d44","Backend Engineer","Jobinfo"
"https://www.linkedin.com/jobs/view/3890847870","Junior Full Stack Developer","inManage"
"https://www.linkedin.com/jobs/view/3889010751","Fullstack Engineer Intern","ChargeAfter"
"https://www.linkedin.com/jobs/view/3892847205","Junior Full Stack Engineer","Outbrain"
"https://www.linkedin.com/jobs/view/3884016305","Full Stack Developer","Appsforce"
"https://www.linkedin.com/jobs/view/3910946289","Junior Software Engineer","Legit Security"
"https://www.linkedin.com/jobs/view/3885947142","Backend Engineer","Sorbet"
"https://www.linkedin.com/jobs/view/3881473088","Backend Developer","Appsforce"
"https://www.linkedin.com/jobs/view/3898783930","Expression of Interest: Software Engineer","Marlee (Fingerprint For Success)"
"https://www.linkedin.com/jobs/view/3893216489","Full Stack Engineer","Descope"
"https://www.linkedin.com/jobs/view/3903674021","Junior iOS Developer","inManage"
"https://www.linkedin.com/jobs/view/3906497935","Java Back End Developer","AlgoSec"
"https://www.linkedin.com/jobs/view/3887006265","Machine Learning Engineer","HackerPulse"
"https://www.linkedin.com/jobs/view/3901110102","Node.JS Developer","Smarsh"
"https://www.linkedin.com/jobs/view/3888270461","Software Engineer (6-Month Fixed Term Employment)","Unity"
"https://www.linkedin.com/jobs/view/3900525711","CloudDeveloper (full stack)","Stratasys"
"https://www.linkedin.com/jobs/view/3909137176","Full Stack Engineer","Weirdoz"
"https://www.linkedin.com/jobs/view/3858572961","Backend Engineer","Finonex"
"https://www.linkedin.com/jobs/view/3888637360","Back End Developer","Rise"
"https://www.linkedin.com/jobs/view/2942337747","Full Stack Engineer","Montara"
"https://www.linkedin.com/jobs/view/3861594123","Fullstack Developer","Paraspot AI"
"https://www.linkedin.com/jobs/view/3911193949","Dotnet Developer","Segment IT"
"https://www.linkedin.com/jobs/view/3875899650","Full Stack Engineer","UCL Group"
"https://www.linkedin.com/jobs/view/3886256328","Software Engineer","קלוטאותי"
"https://www.linkedin.com/jobs/view/3886269102","Full Stack Engineer","SkySoft Solutions By Commit"
"https://www.linkedin.com/jobs/view/3894050388","Infrastructure Python Developer","Infinidat"
"https://www.linkedin.com/jobs/view/3899530904","Data Engineer","Cycode | Complete ASPM"
"https://www.linkedin.com/jobs/view/3911350951","Embedded SW Engineer","Gilbarco Veeder-Root"
"https://www.linkedin.com/jobs/view/3888492524","Software Engineer","HEQA Security (Formerly QuantLR)"
"https://www.linkedin.com/jobs/view/3907791407","System Engineer (Linux)","ALLSTARSIT"
"https://www.linkedin.com/jobs/view/3889710695","Software Engineer","Unilink Ltd."
"https://www.linkedin.com/jobs/view/3903066571","Full Stack Developer","SQLink Group"
"https://www.linkedin.com/jobs/view/3888652004","JAVA מפתח.ת","Globalbit"
"https://www.linkedin.com/jobs/view/3908308679","Software Engineer - Infrastructure team (Detection Engineer)","Microsoft"
"https://www.linkedin.com/jobs/view/3910916788","C# Software Engineer","Varonis"
"https://www.linkedin.com/jobs/view/3903070947","AI Real-Time Software Engineer","NetHR"
"https://www.linkedin.com/jobs/view/3889706023","Data and Gen-AI Engineer","Legit Security"
"https://www.linkedin.com/jobs/view/3905189772","Data Engineer","Mobile Group Ltd."
"https://www.linkedin.com/jobs/view/3911422134","Backend Developer","Upwind Security"
"https://www.linkedin.com/jobs/view/3902456823","Machine Learning Engineer","Radiant Security"
"https://www.linkedin.com/jobs/view/3899310526","Software Engineer","Check Point Software"
"https://www.linkedin.com/jobs/view/3884904778","Data Engineer","Wix"
"https://www.linkedin.com/jobs/view/3903065490",".Net Developer","SQLink Group"
"https://www.linkedin.com/jobs/view/3879380592","Software Engineer","Eitan Medical"
"https://www.linkedin.com/jobs/view/3858954455","Back End Developer","Check Point Software"
"https://www.linkedin.com/jobs/view/3888690175","Software Engineer (AI-Data Team)","Trax Retail"
"https://www.linkedin.com/jobs/view/3904949746","AI Engineer","ICE"
"https://www.linkedin.com/jobs/view/3894078224","Software Engineer | JB-3946","ISCAR Headquarters"
"https://www.linkedin.com/jobs/view/3892563602","Fleet System Engineer","Autobrains Technologies"
"https://www.linkedin.com/jobs/view/3861188645","Embedded Engineer","TDK-Lambda Israel"
"https://www.linkedin.com/jobs/view/3868644767","Software Engineer - Data-Path","DriveNets"
"https://www.linkedin.com/jobs/view/3898179119","Data Engineer","Gini-Apps"
"https://www.linkedin.com/jobs/view/3890961886","Machine Learning Engineer","IRONSCALES"
"https://www.linkedin.com/jobs/view/3902410542","Data Engineer","Datacube"
"https://www.linkedin.com/jobs/view/3903455830","Data Engineer","AU10TIX"
"https://www.linkedin.com/jobs/view/3899604867","C# Developer - IOT","EMG-Soft"
"https://www.linkedin.com/jobs/view/3911756175","Python Developer for Tools and Infrastructures","Mobileye"
"https://www.linkedin.com/jobs/view/3899311929","PHP and WordPress Developer (Elementor Focus)","Appdome"
"https://www.linkedin.com/jobs/view/3899318295","Data Engineer","NAYA Technologies (part of EPAM Systems, Inc.)"
"https://www.linkedin.com/jobs/view/3892788773","Computer Vision Engineer","SightBit"
"https://www.linkedin.com/jobs/view/3905196780","Flutter Developer","Gini-Apps"
"https://www.linkedin.com/jobs/view/3907021964","Data Engineer","Final"
"https://www.linkedin.com/jobs/view/3904349994","Cloud Operation Engineer","Gilbarco Veeder-Root"
"https://www.linkedin.com/jobs/view/3888064410","iOS Developer","Medulla"
"https://www.linkedin.com/jobs/view/3908213741","Information Technology System Engineer","Gtech"
"https://www.linkedin.com/jobs/view/3876938829","FULL STACK מפתח.ת","Globalbit"
"https://www.linkedin.com/jobs/view/3904474302","wpf  c# dotnet engineer","Optimum"
"https://www.linkedin.com/jobs/view/3905776303","Virtualization Engineer","EMET"
"https://www.linkedin.com/jobs/view/3881490300","Geographic Information Systems Engineer","Omnisys"
"https://www.linkedin.com/jobs/view/3903069779","Linux Kernel Developer","IAI - Israel Aerospace Industries"
"https://www.linkedin.com/jobs/view/3882758293","C# WPF developer - Haifa (North)","EMG-Soft"
"https://www.linkedin.com/jobs/view/3913317659","Data Engineer","Coro"
"https://www.linkedin.com/jobs/view/3898992271","System Engineer","Korentec Technologies By Yael Group"
"https://www.linkedin.com/jobs/view/3873219255","FinOps Engineer","CodeValue"
"https://www.linkedin.com/jobs/view/3888826091","Software Developer (WPF)","Ethosia"
"https://www.linkedin.com/jobs/view/3890961235","Android & Flutter Developer","Action Item Solutions"
"https://www.linkedin.com/jobs/view/3899382039","Deep Learning Engineer","Gotfriends"
"https://www.linkedin.com/jobs/view/3899061970","System Engineer","Ness Technologies | נס טכנולוגיות"
"https://www.linkedin.com/jobs/view/3885140669","iOS Developer","easy"
"https://www.linkedin.com/jobs/view/3889212434","Full Stack Engineer","Rafael Advanced Defense Systems"
"https://www.linkedin.com/jobs/view/3905789163","SW Engineer","Afimilk Ltd"
"https://www.linkedin.com/jobs/view/3900656070","Dynamics 365 CRM Developer","abra"
"https://www.linkedin.com/jobs/view/3909126469","מהנדס/ת תוכנה למערכת Embedded","Experis Israel"
"https://www.linkedin.com/jobs/view/3894568164","FinOps Engineer","JFrog"
"https://il.indeed.com/viewjob?jk=4caf760157e4c1fb","Junior Cloud Software Developer","Check Point Software Technologies"
"https://il.indeed.com/viewjob?jk=d2461b226fac908b","Java Software Developer","Check Point Software Technologies"
"https://il.indeed.com/viewjob?jk=b401ab212e5d2783","Full-Stack Developer","Check Point Software Technologies"
"https://il.indeed.com/viewjob?jk=9b052b7da1bad892","Embedded Linux developer","TandemG"
"https://il.indeed.com/viewjob?jk=9361cd3a13b93c1d","Full Stack React/Node developer","Jobinfo"
"https://il.indeed.com/viewjob?jk=1076319d3224485f","Fullstack Developer - C# .NET REACT","Galor Systems & Software Developments"
"https://il.indeed.com/viewjob?jk=e96fbca68640014c","158871 Backend developer","ווין ג׳ובס"
"https://il.indeed.com/viewjob?jk=5c9d2620537e4e4a","מפתח/ת תוכנה ג'וניור/ית","קבוצת יעל תוכנה"
"https://il.indeed.com/viewjob?jk=b3ae875394bed7e9","Full-Stack Developer","Perception Point"
"https://il.indeed.com/viewjob?jk=e7b3307faa84f8ba","Linux Software Developer","Jobinfo"
"https://il.indeed.com/viewjob?jk=af1acf13a6558baf","Junior Software Developer","קבוצת יעל"
"https://il.indeed.com/viewjob?jk=8629bd0dcf82bb25","PHP Developer","Checker Software Systems"
"https://il.indeed.com/viewjob?jk=45bb86d80b0016b1","למטריקס (כרמיאל) דרוש/ה מפתח/ת NET./#C","מטריקס צפון"
"https://il.indeed.com/viewjob?jk=a419aebfa9a81b67","22120 NET Core Developer","Extreme Group"
"https://il.indeed.com/viewjob?jk=69347028bee2e002","NET Core developer","בי נט ייעוץ והשמה כ''א בע''מ"
"https://www.linkedin.com/jobs/view/3887683204","Junior/ Mid-level Fullstack Developer","Tomax-Think Academy"
"https://www.linkedin.com/jobs/view/3905538128","Full Stack Developer","SuperCom (NASDAQ: SPCB)"
"https://www.linkedin.com/jobs/view/3887621875","Software Developer","Noname Security"
"https://www.linkedin.com/jobs/view/3902059665","Full Stack Developer","StarkWare"
"https://www.linkedin.com/jobs/view/3881944286","Fullstack Developer - C# .NET REACT","Travel Booster by Galor"
"https://www.linkedin.com/jobs/view/3903401992","C# Developer","TWINGO"
"https://www.linkedin.com/jobs/view/3890773909","Full Stack Engineer","QSplit"
"https://www.linkedin.com/jobs/view/3900522986","C#/ .Net Full Stack Developer","Go Global Travel"
"https://www.linkedin.com/jobs/view/3894071370","C# .Net Developer","Operative"
"https://www.linkedin.com/jobs/view/3905777017",".NET Developer","COMDA"
"https://www.linkedin.com/jobs/view/3881469540","C# Developer - Haifa","abra R&D Solutions (formerly Devalore)"
"https://www.linkedin.com/jobs/view/3899603859","Web Developer","EMG-Soft"
"https://www.linkedin.com/jobs/view/3908292714","Software Engineer","ITC - Intelligent Traffic Control"
"https://www.linkedin.com/jobs/view/3898910037","Python Developer","Millennium"
"https://www.linkedin.com/jobs/view/3888057259","Java Software Engineer","Unilink Ltd."
"https://www.linkedin.com/jobs/view/3908239653",".NET Core Developer","mPrest"
"https://www.linkedin.com/jobs/view/3903074552","Dotnet Developer","Panda Trading Systems"
"https://www.linkedin.com/jobs/view/3903293929","Back End Developer","Mobile Group Ltd."
"https://www.linkedin.com/jobs/view/3886648591","C++ Developer","Sunflower Hire"
"https://www.linkedin.com/jobs/view/3897168488","Backend Developer  (Data Oriented)","Appdome"
"https://www.linkedin.com/jobs/view/3892450220","Junior Software Engineer","Rafael Advanced Defense Systems"
"https://www.linkedin.com/jobs/view/3902422043","Full Stack Engineer","SQLink Group"
"https://www.linkedin.com/jobs/view/3903274624","Back End Developer","MKT MediaStats LLC"
"https://www.linkedin.com/jobs/view/3890977817","Back End Developer","Colleen AI"
"https://www.linkedin.com/jobs/view/3891493718","Full Stack Engineer","Check Point Software"
"https://www.linkedin.com/jobs/view/3905505990","Back End Developer (2786 )","One Systems"
"https://www.linkedin.com/jobs/view/3903080256","C# Backend Developer","IAI - Israel Aerospace Industries"
"https://www.linkedin.com/jobs/view/3886626648","Python Developer (Bangkok based, relocation provided)","Agoda"
"https://www.linkedin.com/jobs/view/3904905350","Full Stack Engineer - Startup in Hadera","LetsTok.com"
"https://www.linkedin.com/jobs/view/3905538130","System Engineer","mPrest"
"https://www.linkedin.com/jobs/view/3881717141","Android Developer","Unity"
"https://www.linkedin.com/jobs/view/3909162416","Backend Engineer","Wing Security"
"https://www.linkedin.com/jobs/view/3828836457","Embedded Software Engineer","Hashlist"
"https://www.linkedin.com/jobs/view/3902061238","ETL Developer","Octally Integration"
"https://www.linkedin.com/jobs/view/3887135438","AI Systems Engineer (JB-206)","Toga Networks-a Huawei Company"
"https://www.linkedin.com/jobs/view/3900516941","C++ Embedded programmer","Experis"
"https://www.linkedin.com/jobs/view/3903478421","System Engineer","Bynet Data Communications"
"https://www.linkedin.com/jobs/view/3864995113","Embedded Software Engineer Intern","MaxLinear"
"https://www.linkedin.com/jobs/view/3841334482","Cloud Operations Engineer","Redis"
"https://www.linkedin.com/jobs/view/3879783979","WPF Developer","Experis Israel"
"https://www.linkedin.com/jobs/view/3903418286","Training Developer","Proceed"
"https://www.linkedin.com/jobs/view/3908253569","Embedded Engineer","Experis"
"https://www.linkedin.com/jobs/view/3889174203","Data Scientist","Maof"
